Transplant Center,City,Region,Total Waitlist Year 1,Total Waitlist Year 2,Active Waitlist Year 1,Active Waitlist Year 2,New Additions Year 1,New Additions Year 2,Total transplants Year 1,Total transplants Year 2,Deceased transplants Year 1,Deceased transplants Year 2,Observed total transplant rate,Expected total transplant rate,Observed deceased transplant rate,Expected deceased transplant rate,Observed Waitlist Mortality rate,Expected Waitlist Mortality rate,On waiting list at start Year 1,New additions Year 1,Transferred to another center Year 1,Received living donor transplant Year 1,Received deceased donor transplant Year 1,Died Year 1,Transplanted at another center Year 1,Deteriorated Year 1,Recovered Year 1,Other reasons Year 1,On waiting list at end of Year 1,On waiting list at start Year 2,New additions Year 2,Transferred to another center Year 2,Received living donor transplant Year 2,Received deceased donor transplant Year 2,Died Year 2,Transplanted at another center Year 2,Deteriorated Year 2,Recovered Year 2,Other reasons Year 2,On waiting list at end of Year 2,Waitlist MELD 6-10,Waitlist MELD 11-14,Waitlist MELD 15-20,Waitlist MELD 21-30,Waitlist MELD 31-40,Transplant MELD 6-10,Transplant MELD 11-14,Transplant MELD 15-20,Transplant MELD 21-30,Transplant MELD 31-40,,Calculated: Arrival Rate (Livers)
ALUA - University of Alabama Hospital,"Birmingham, AL",3,105,141,89,120,190,204,138,125,138,125,130.2,73.4,130.2,71.3,22.8,15.5,92,190,0,0,138,14,0,5,2,18,105,105,204,0,0,125,24,3,5,1,10,141,17.7,34,36.9,9.9,0.7,19.2,14.4,35.2,17.6,12.8,,131.5
ARUA - UAMS Medical Center,"Little Rock, AR",3,40,56,38,51,60,64,36,36,36,36,84.8,85.3,84.8,83.6,13.3,17.3,27,60,0,0,36,4,1,3,1,2,40,40,64,0,0,36,1,2,6,1,2,56,16.1,28.6,46.4,8.9,0,13.9,16.7,25,22.2,19.4,,36
AZGS - Banner-University Medical Center Phoenix,"Phoenix, AZ",5,75,44,70,40,119,109,79,106,79,106,138.6,86,138.6,84,24.9,13.9,73,119,1,0,79,8,2,15,2,10,75,75,109,1,0,106,11,1,10,6,5,44,31.8,22.7,29.5,11.4,4.5,17,14.2,17.9,15.1,33,,92.5
AZMC - Mayo Clinic Hospital,"Phoenix, AZ",5,111,107,94,80,133,132,122,112,120,112,36.7,38.7,100.6,99.8,7.1,8.4,133,133,3,2,120,7,3,3,4,13,111,111,132,1,0,112,5,2,5,2,9,107,42.1,32.7,12.1,3.7,0,14.3,20.5,32.1,25,5.4,,117
AZSJ - St. Joseph's Hospital and Medical Center,"Phoenix, AZ",5,11,24,8,19,20,41,10,19,10,19,111.1,107.5,111.1,104.1,26.7,22.5,9,20,1,0,10,1,0,3,2,1,11,11,41,0,0,19,2,0,6,1,0,24,20.8,25,33.3,12.5,0,10.5,5.3,21.1,31.6,31.6,,14.5
AZUA - Banner University Medical Center-Tucson,"Tucson, AZ",5,20,9,16,7,26,20,15,20,15,20,108.4,84.7,108.4,82.1,11.4,14.9,24,26,0,0,15,1,0,3,7,4,20,20,20,1,0,20,1,0,2,3,4,9,33.3,22.2,22.2,11.1,11.1,5,10,15,40,20,,17.5
CACS - Cedars-Sinai Medical Center,"Los Angeles, CA",5,186,144,168,127,110,126,87,93,87,93,47.3,38.9,47.3,37.5,8.1,9.9,241,110,4,0,87,6,3,14,30,21,186,186,126,4,0,93,14,0,13,27,17,144,37.5,36.8,18.1,4.2,1.4,10.8,15.1,11.8,22.6,38.7,,90
CAGH - Scripps Green Hospital,"La Jolla, CA",5,76,77,73,74,44,52,37,30,37,30,41.1,52.4,41.1,50.2,14.2,11.4,98,44,1,0,37,9,0,5,7,7,76,76,52,0,0,30,9,1,2,5,4,77,36.4,27.3,27.3,7.8,0,33.3,13.3,13.3,16.7,16.7,,33.5
CALL - Loma Linda University Medical Center,"Loma Linda, CA",5,143,105,132,85,103,107,52,79,52,79,47.1,51.7,47.1,50,16.2,17.6,157,103,2,0,52,20,2,12,13,16,143,143,107,1,0,79,16,1,14,21,13,105,27.6,32.4,21.9,16.2,1,11.4,15.2,11.4,19,39.2,,65.5
CAMB - UCSF Medical Center at Mission Bay,"San Francisco, CA",5,12,11,3,3,16,10,9,9,8,8,64.6,72.7,168.5,157,16,10.4,10,16,1,1,8,1,1,1,1,0,12,12,10,0,1,8,2,0,0,0,0,11,18.2,0,0,9.1,9.1,0,0,0,0,0,,9
CAPM - California Pacific Medical Center-Van Ness Campus,"San Francisco, CA",5,224,226,39,38,107,126,57,65,57,65,26.8,43.5,26.8,41.6,7.6,12.6,243,107,3,0,57,7,4,20,6,29,224,224,126,3,0,65,10,1,15,11,19,226,14.6,4.4,1.8,0.9,0.4,16.9,7.7,23.1,20,23.1,,61
CASD - University of California San Diego Medical Center,"San Diego, CA",5,106,124,90,112,78,86,34,33,33,3,30.3,30.8,90.6,92.2,16.5,13.8,99,78,1,1,33,17,4,12,1,2,106,106,86,1,0,33,8,4,9,8,5,124,29,30.6,24.2,12.1,2.4,24.2,15.2,12.1,9.1,33.3,,33.5
CASF - University of California San Francisco Medical Center,"San Francisco, CA",5,716,717,485,416,320,336,183,170,155,142,25.2,41.6,21.2,39.6,10.7,11,712,320,1,28,155,45,24,40,1,22,716,716,336,5,28,142,57,17,33,3,50,717,24.4,29.3,30.3,11,0.8,23.2,16.9,12.7,17.6,27.5,,176.5
CASU - Stanford Health Care,"Stanford, CA",5,398,343,276,229,163,150,76,97,75,96,21.5,30.1,21.2,28.9,7.6,9.9,461,163,5,1,75,24,7,24,26,64,398,398,150,0,1,96,16,3,16,25,48,343,32.1,25.4,16.3,5.8,0.3,30.2,16.7,7.3,11.5,29.2,,86.5
CAUC - University of California at Los Angeles Medical Center,"Los Angeles, CA",5,442,463,414,406,360,353,146,169,146,169,34.6,60.8,34.6,56.9,14,15.1,418,360,17,0,146,46,11,60,24,32,442,442,353,12,0,169,51,9,49,18,24,463,28.7,28.3,25.5,9.1,1.1,11.8,4.7,6.5,10.1,51.5,,157.5
CAUH - Keck Hospital of USC,"Los Angeles, CA",5,284,257,273,243,196,174,111,95,100,86,36.4,46.5,32.8,44.7,10.6,15.8,317,196,4,11,100,30,3,31,17,33,284,284,174,3,9,86,23,10,24,13,33,257,37.4,28,22.6,8.6,2.3,16.3,8.1,5.8,10.5,52.3,,103
COPM - Centura Porter Adventist Hospital ,"Denver, CO",8,46,23,34,17,38,20,12,16,12,16,32.3,67.2,32.3,64.8,9.8,12.2,66,38,2,0,12,4,1,5,23,11,46,46,20,1,0,16,5,0,5,5,11,23,13,26.1,30.4,30.4,0,6.2,18.8,18.8,18.8,31.2,,14
COSL - Presbyterian/St Luke's Medical Center,"Denver, CO",8,54,72,49,67,47,58,12,12,12,12,21.3,72.2,21.3,70.2,6.4,12.5,40,47,0,0,12,2,0,10,3,6,54,54,58,2,0,12,2,0,9,5,10,72,29.2,33.3,27.8,8.3,1.4,0,8.3,8.3,33.3,41.7,,12
COUC - University of Colorado Hospital/Health Science Center,"Aurora, CO",8,457,335,201,103,128,124,97,98,80,88,21.6,32.5,18.6,31.1,7.4,7.9,514,128,0,17,80,28,2,22,8,28,457,457,124,0,10,88,17,2,25,80,24,335,29,30.7,28.4,6,0.6,17,14.8,18.2,22.7,22.7,,97.5
CTHH - Hartford Hospital,"Hartford, CT",1,29,33,21,27,32,48,23,33,23,33,91.7,63.2,91.7,60.8,18.7,13.3,33,32,0,0,23,8,0,2,0,3,29,29,48,0,0,33,2,0,3,0,6,33,42.4,27.3,15.2,15.2,0,18.2,18.2,27.3,18.2,12.1,,28
CTYN - Yale New Haven Hospital,"New Haven, CT",1,101,106,86,78,56,64,29,25,20,19,19.2,26.6,43.4,41.1,11.5,9.8,108,56,0,9,20,5,8,10,0,11,101,101,64,3,6,19,7,3,11,8,2,106,27.4,34,26.4,8.5,0.9,10.5,5.3,36.8,21.1,10.5,,27
DCGU - Georgetown University Medical Center,"Washington, DC",2,268,263,206,213,224,198,137,107,134,6,46.4,50.1,45.6,47.6,12.5,10.2,265,224,0,3,134,43,12,9,8,12,268,268,198,2,1,106,21,7,15,22,29,263,39.5,30.4,10.3,8.7,1.1,14.2,7.5,24.5,17,15.1,,122
FLBC - Broward Health Medical Center,"Ft. Lauderdale, FL",3,24,26,23,22,40,27,19,14,19,14,71.7,75.4,71.7,71.3,17.8,17.2,13,40,0,0,19,0,1,6,0,3,24,24,27,0,0,14,2,0,8,0,1,26,23.1,34.6,34.6,7.7,0,14.3,14.3,14.3,28.6,28.6,,16.5
FLCC - Cleveland Clinic Florida Weston,"Weston, FL",3,57,52,50,48,81,77,57,65,57,65,122.9,73.2,122.9,71,11.3,14,44,81,0,0,57,3,1,1,3,3,57,57,77,0,0,65,5,2,2,4,4,52,34.6,38.5,21.2,5.8,0,21.5,10.8,18.5,27.7,21.5,,61
FLFH - AdventHealth Orlando,"Orlando, FL",3,24,34,23,33,54,93,59,74,59,74,220.5,73.9,220.5,70.9,9.8,12.2,40,54,0,0,59,2,0,0,2,7,24,24,93,0,0,74,2,0,2,1,4,34,50,35.3,8.8,5.9,0,8.1,9.5,20.3,35.1,23,,66.5
FLJM - Jackson Memorial Hospital University of Miami School of Medicine,"Miami, FL",3,150,118,136,105,198,178,143,134,143,134,95.7,66.2,95.7,62.8,18.8,13.7,154,198,1,0,143,16,6,16,13,7,150,150,178,2,0,134,26,5,16,18,9,118,31.4,25.4,28.8,6.8,1.7,6,14.9,20.9,26.1,11.2,,138.5
FLLM - Largo Medical Center,"Largo, FL",3,1,8,1,8,5,15,4,8,4,8,308.2,66.3,308.2,63.8,0,12.4,0,5,0,0,4,0,0,0,0,0,1,1,15,0,0,8,0,0,0,0,0,8,37.5,12.5,0,12.5,0,0,50,12.5,37.5,0,,6
FLSL - Mayo Clinic Florida,"Jacksonville, FL",3,104,111,65,59,201,188,164,149,164,149,157.9,86.5,157.9,83.9,13.7,16.5,105,201,1,0,164,8,4,16,3,6,104,104,188,1,0,149,4,2,15,1,9,111,30.6,23.4,24.3,10.8,0,16.8,17.4,24.8,22.1,16.8,,156.5
FLTG - Tampa General Hospital,"Tampa, FL",3,58,60,47,54,88,98,63,71,63,71,126.3,71.1,126.3,67.6,12.9,12.7,52,88,0,0,63,2,0,8,3,6,58,58,98,1,0,71,3,0,3,9,9,60,16.7,35,30,3.3,0,16.9,25.4,29.6,15.5,8.5,,67
FLUF - UF Health Shands Hospital,"Gainesville, FL",3,95,70,73,56,59,59,25,34,25,34,33.1,49.6,33.1,47.5,9.7,12.4,106,59,5,0,25,2,1,11,4,22,95,95,59,1,0,34,6,2,11,10,20,70,25.7,32.9,30,8.6,0,8.8,11.8,20.6,41.2,17.6,,29.5
GAEM - Emory University Hospital,"Atlanta, GA",3,154,155,137,134,196,181,122,130,122,130,84.4,69.2,84.4,66.7,17.3,13.8,128,196,2,0,122,19,1,18,5,3,154,154,181,0,0,130,19,3,18,6,4,155,19.4,29.7,38.7,12.3,0,10,11.5,26.2,30,19.2,,126
GAPH - Piedmont Hospital,"Atlanta, GA",3,206,210,156,157,159,182,114,123,113,22,58.6,49.5,58.1,46.8,9,12.1,189,159,2,1,113,4,1,10,3,8,206,206,182,0,1,122,17,2,16,5,15,210,32.4,34.8,24.3,6.7,0.5,9,11.5,18.9,34.4,22.1,,118.5
HIQM - The Queen's Medical Center,"Honolulu, HI",6,32,24,25,16,19,17,14,15,14,15,45.5,47.6,45.5,45.2,14.6,9.1,33,19,0,0,14,4,0,0,0,2,32,32,17,0,0,15,6,1,1,1,1,24,20.8,41.7,20.8,12.5,0,20,6.7,40,6.7,26.7,,14.5
IAIV - University of Iowa Hospitals and Clinics Transplant Programs,"Iowa City, IA",8,39,33,34,29,49,50,18,31,18,31,70.7,100.8,70.7,98.9,22.9,18.4,28,49,0,0,18,5,0,2,1,12,39,39,50,0,0,31,7,3,8,0,7,33,9.1,33.3,33.3,18.2,0,22.6,3.2,41.9,19.4,6.5,,24.5
ILLU - Loyola University Medical Center,"Maywood, IL",7,139,140,134,127,114,103,58,60,57,0,42.2,49.5,41.8,47.6,18,15.8,153,114,1,1,57,14,3,15,15,22,139,139,103,0,0,60,13,4,9,5,11,140,16.4,27.1,42.9,10.7,0.7,20,13.3,15,33.3,16.7,,59
ILNM - Northwestern Memorial Hospital,"Chicago, IL",7,77,62,70,59,140,133,96,108,86,99,59,60.2,128.9,116.9,16.2,16.5,79,140,1,10,86,4,2,20,13,6,77,77,133,3,9,99,9,1,18,6,3,62,27.4,24.2,22.6,11.3,1.6,20.2,12.1,30.3,16.2,20.2,,102
ILPL - Rush University Medical Center,"Chicago, IL",7,44,34,39,32,54,36,34,23,34,23,57.8,51.3,57.8,50.4,13.3,13.4,67,54,1,0,34,2,1,6,16,17,44,44,36,0,0,23,1,1,7,6,8,34,41.2,41.2,11.8,5.9,0,17.4,21.7,26.1,17.4,17.4,,28.5
ILUC - University of Chicago Medical Center,"Chicago, IL",7,34,29,27,17,43,42,30,27,30,27,87.7,76,87.7,70.8,6,15.3,36,43,1,0,30,1,1,7,2,3,34,34,42,3,0,27,1,1,5,5,5,29,31,17.2,24.1,6.9,0,14.8,7.4,7.4,22.2,33.3,,28.5
ILUI - University of Illinois Medical Center,"Chicago, IL",7,47,81,46,76,66,92,26,41,24,38,66.3,101.2,61.3,100.1,15.5,25,29,66,0,2,24,5,2,10,2,3,47,47,92,0,3,38,6,0,6,4,1,81,24.7,22.2,34.6,18.5,0,2.6,10.5,7.9,28.9,47.4,,33.5
INIM - Indiana University Health,"Indianapolis, IN",10,67,69,49,57,186,193,154,157,154,157,238.7,92,238.7,87.1,12.7,18.4,54,186,1,0,154,3,2,5,7,1,67,67,193,0,0,157,9,1,14,8,2,69,26.1,39.1,23.2,5.8,0,3.8,19.1,30.6,25.5,11.5,,155.5
KSUK - University of Kansas Hospital,"Kansas City, KS",8,114,101,87,76,136,120,94,91,94,91,81.4,59.9,81.4,57.5,11.9,13.2,114,136,0,0,94,12,0,8,9,13,114,114,120,1,0,91,4,0,12,9,16,101,25.7,39.6,27.7,5.9,1,12.1,24.2,29.7,22,11,,92.5
KYJH - Jewish Hospital,"Louisville, KY",11,48,42,44,39,58,46,39,33,39,33,85,68.6,85,66.6,11.1,19,43,58,1,0,39,0,0,10,1,2,48,48,46,2,0,33,2,3,5,2,5,42,26.2,16.7,42.9,11.9,0,30.3,0,12.1,36.4,18.2,,36
KYUK - University of Kentucky Medical Center,"Lexington, KY",11,135,122,115,96,103,99,32,51,32,51,32.4,51.5,32.4,50.6,22.8,15.2,124,103,2,0,32,19,1,11,10,17,135,135,99,1,0,51,26,4,6,8,16,122,13.9,42.6,30.3,11.5,0.8,5.9,17.6,21.6,33.3,17.6,,41.5
LAOF - Ochsner Foundation Hospital,"New Orleans, LA",3,106,88,77,78,237,222,211,172,211,172,170.9,73.3,170.9,70,11.9,16.6,135,237,2,0,211,6,11,22,9,5,106,106,222,1,0,172,7,4,19,20,17,88,29.5,28.4,31.8,6.8,1.1,16.9,19.2,32,16.9,12.8,,191.5
LATU - Tulane Medical Center,"New Orleans, LA",3,16,12,16,11,27,26,18,21,18,21,134.1,62.1,134.1,59.9,21.4,12.3,18,27,0,0,18,0,0,5,3,3,16,16,26,0,0,21,2,0,3,4,0,12,33.3,8.3,58.3,0,0,23.8,9.5,28.6,23.8,14.3,,19.5
LAWK - Willis-Knighton Medical Center,"Shreveport, LA",3,55,58,51,55,35,37,17,25,17,25,40.2,42.3,40.2,40.5,6.6,12.3,40,35,0,0,17,3,0,0,0,0,55,55,37,0,0,25,4,0,0,3,2,58,32.8,39.7,20.7,1.7,0,4,8,24,52,12,,21
MABI - Beth Israel Deaconess Medical Center,"Boston, MA",1,86,82,64,67,69,61,31,30,29,27,37.8,68.7,34.7,66.1,9.3,11.6,83,69,1,2,29,1,2,12,9,10,86,86,61,1,3,27,1,3,16,7,7,82,29.3,19.5,31.7,13.4,0,33.3,0,22.2,11.1,29.6,,30.5
MALC - Lahey Clinic Medical Center,"Burlington, MA",1,124,117,58,52,130,133,114,94,107,85,79.4,67.9,73.3,65.4,14.6,12.8,156,130,5,7,107,22,1,4,7,9,124,124,133,2,9,85,13,2,3,5,21,117,7.7,20.5,29.1,12,0.9,8.2,17.6,31.8,23.5,18.8,,104
MAMG - Massachusetts General Hospital,"Boston, MA",1,279,300,253,252,185,178,71,76,69,6,27.1,50.9,26.7,49,13.6,12.2,248,185,2,2,69,27,10,17,14,13,279,279,178,9,0,76,31,6,17,11,7,300,30,29,28.7,8,0.7,31.6,14.5,6.6,22.4,23.7,,73.5
MAUM - UMass Memorial Medical Center,"Worcester, MA",1,266,305,233,269,122,149,66,62,62,53,21.2,23.6,44.2,42.4,8.2,10.2,252,122,1,4,62,18,0,9,1,13,266,266,149,1,9,53,13,1,13,2,18,305,50.5,29.2,15.1,3.6,0.3,13.2,17,24.5,26.4,17,,64
MDJH - Johns Hopkins Hospital,"Baltimore, MD",2,403,384,303,289,205,182,119,108,110,101,29.1,40.2,27,38.3,9,8.3,410,205,1,9,110,31,9,25,9,18,403,403,182,1,7,101,19,8,11,6,48,384,50.5,25.3,15.1,4.2,0.8,19.8,14.9,16.8,24.8,21.8,,113.5
MDUM - University of Maryland Medical System,"Baltimore, MD",2,419,457,327,370,245,239,169,133,156,124,35.8,42.4,33.2,40.6,12.2,10.2,413,245,1,13,156,47,4,9,2,7,419,419,239,1,9,124,43,3,9,4,8,457,45.5,27.4,15.8,6.1,0.7,8.1,12.9,14.5,27.4,33.9,,151
MIBH - William Beaumont Hospital,"Royal Oak, MI",10,36,46,36,46,36,56,26,31,26,31,73.2,69.6,73.2,67.5,5.5,16.7,34,36,0,0,26,1,0,1,1,5,36,36,56,0,0,31,0,1,4,1,9,46,34.8,37,23.9,4.3,0,0,35.5,16.1,12.9,32.3,,28.5
MIHF - Henry Ford Hospital,"Detroit, MI",10,190,204,157,173,172,170,127,96,119,88,56.7,45,52.6,42.7,11,12.1,193,172,0,8,119,12,1,13,12,10,190,190,170,0,8,88,22,0,13,5,20,204,30.9,41.7,23.5,3.4,0,12.5,15.9,26.1,27.3,14.8,,111.5
MIUM - University of Michigan Medical Center,"Ann Arbor, MI",10,169,151,116,108,121,114,79,79,79,72,47.2,42.1,45.1,39.8,11.6,10.1,175,121,1,0,79,20,2,2,14,9,169,169,114,2,7,72,16,3,5,11,16,151,26.5,42.4,23.2,5.3,0,9.7,6.9,23.6,31.9,12.5,,79
MNMC - Rochester Methodist Hospital (Mayo Clinic),"Rochester, MN",7,297,267,274,241,183,182,118,108,94,84,38.6,49.3,30.4,46.4,8.9,10.2,304,183,2,24,94,12,6,18,16,18,297,297,182,4,24,84,16,7,33,29,15,267,28.8,31.8,28.1,8.2,0,21.4,8.3,13.1,26.2,31,,113
MNSM - Saint Marys Hospital (Mayo Clinic),"Rochester, MN",7,11,11,7,8,11,12,6,8,6,8,62.5,88.9,62.5,80.5,0,6.1,7,11,0,0,6,0,0,0,0,1,11,11,12,2,0,8,0,0,0,0,2,11,0,18.2,36.4,27.3,0,0,12.5,12.5,37.5,0,,7
"MNUM - University of Minnesota Medical Center, Fairview","Minneapolis, MN",7,163,154,80,81,109,115,78,66,72,61,43.7,62.6,40.4,60.8,18.3,16,181,109,0,6,72,23,0,8,4,14,163,163,115,0,5,61,27,1,10,17,3,154,25.3,28.6,24,13,1.3,19.7,8.2,18,8.2,29.5,,72
MOBH - Barnes-Jewish Hospital,"St. Louis, MO",8,102,72,80,55,124,150,94,126,94,126,105.2,56.7,105.2,54.2,15.7,12.3,118,124,0,0,94,11,3,10,12,10,102,102,150,0,0,126,12,0,15,14,13,72,29.2,23.6,38.9,4.2,0,15.9,12.7,27.8,28.6,15.1,,110
MOLH - St Luke's Hospital of Kansas City,"Kansas City, MO",8,15,21,14,16,21,36,10,26,10,26,133.2,81.8,133.2,79.2,7.3,13.6,5,21,0,0,10,0,1,0,0,0,15,15,36,0,0,26,1,0,1,0,2,21,23.8,47.6,19,4.8,0,3.8,7.7,30.8,46.2,11.5,,18
MOSL - SSM Health Saint Louis University Hospital,"St Louis, MO",8,70,74,59,63,60,56,36,27,36,27,43.7,47,43.7,44.5,13,11.4,76,60,0,0,36,4,1,15,3,7,70,70,56,0,0,27,1,0,12,6,6,74,24.3,37.8,31.1,6.8,0,0,11.1,37,40.7,11.1,,31.5
MSUM - University of Mississippi Medical Center,"Jackson, MS",3,9,17,7,16,46,48,42,35,42,35,319.8,83.8,319.8,83.4,14.2,14.4,10,46,0,0,42,1,0,0,2,2,9,9,48,0,0,35,3,1,1,0,0,17,35.3,52.9,11.8,0,0,14.3,20,28.6,22.9,11.4,,38.5
NCCM - Carolinas Medical Center,"Charlotte, NC",11,103,91,89,73,107,99,78,78,78,78,75.5,52.8,75.5,50.9,12.8,12.4,101,107,0,0,78,6,2,9,7,3,103,103,99,0,0,78,12,5,7,6,3,91,14.3,41.8,39.6,2.2,0,6.4,7.7,25.6,33.3,19.2,,78
NCDU - Duke University Hospital,"Durham, NC",11,52,77,47,69,108,160,93,105,92,5,72.9,77,168.7,167.9,15.9,13,57,108,0,1,92,5,0,6,7,2,52,52,160,0,0,105,6,8,5,7,4,77,23.4,37.7,29.9,3.9,0,15.2,14.3,18.1,21,14.3,,99
NCMH - University of North Carolina Hospitals,"Chapel Hill, NC",11,70,67,62,54,88,72,42,35,42,35,58.5,64,58.5,60.5,20.9,12.4,60,88,1,0,42,11,3,6,9,6,70,70,72,6,0,35,5,3,14,8,4,67,17.9,25.4,46.3,6,1.5,22.9,17.1,14.3,20,14.3,,38.5
NEUN - The Nebraska Medical Center,"Omaha, NE",8,171,152,127,110,155,110,100,80,97,79,56.8,60.7,55.5,56.8,14.5,12.8,165,155,0,3,97,26,2,8,3,10,171,171,110,2,1,79,14,2,8,7,16,152,16.4,30.9,35.5,7.2,0.7,12.7,12.7,13.9,27.8,17.7,,90
NJLL - Our Lady of Lourdes Medical Center,"Camden, NJ",2,49,45,44,35,48,44,12,20,12,20,36.4,56.3,36.4,54.4,14.5,12.2,36,48,1,0,12,0,3,8,2,9,49,49,44,0,0,20,4,3,4,1,16,45,22.2,51.1,20,6.7,0,10,0,15,55,20,,16
NJUH - University Hospital,"Newark, NJ",2,86,64,78,58,68,34,16,27,16,27,30,56.4,30,53.4,12.3,13.7,64,68,1,0,27,6,2,6,0,4,86,86,34,5,0,16,5,12,4,1,13,64,18.8,32.8,37.5,7.8,0,12.5,0,31.2,31.2,18.8,,21.5
NYCP - NY Presbyterian Hospital/Columbia Univ. Medical Center,"New York, NY",9,178,169,122,135,108,123,83,80,60,64,46,40.4,35,38.1,4.3,6.8,202,108,12,23,60,6,1,6,12,12,178,178,123,3,16,64,6,4,8,19,12,169,45.6,29.6,13.6,4.1,0,14.1,18.8,9.4,15.6,12.5,,81.5
"NYFL - Strong Memorial Hospital, University of Rochester Medical Center","Rochester, NY",9,45,39,40,36,74,60,44,37,44,33,101.9,96.1,96.9,92.8,35.6,21.6,42,74,0,0,44,11,1,10,2,3,45,45,60,0,4,33,11,1,9,5,3,39,41,12.8,28.2,17.9,0,18.2,12.1,12.1,27.3,27.3,,40.5
NYMA - Montefiore Medical Center,"Bronx, NY",9,73,95,65,89,72,105,50,45,44,38,61.1,61.9,52.8,59.8,10.4,11.6,89,72,3,6,44,3,0,11,8,13,73,73,105,0,7,38,3,0,16,13,6,95,34.7,25.3,16.8,16.8,0,15.8,7.9,15.8,21.1,21.1,,47.5
NYMS - Mount Sinai Medical Center,"New York, NY",9,375,387,294,299,329,298,131,143,119,133,38.4,69,35.3,66.8,18.6,13.4,303,329,2,12,119,55,8,31,15,15,375,375,298,7,10,133,65,9,23,21,18,387,35.9,26.6,23.3,10.1,0.8,15.8,9.8,12,18.8,30.8,,137
NYNY - New York-Presbyterian Hospital/Weill Cornell Medical Center,"New York, NY",9,70,87,62,69,80,88,35,51,35,45,63,81.4,58.6,78.6,10.1,13.1,42,80,7,0,35,4,0,3,0,3,70,70,88,1,6,45,4,0,11,0,4,87,51.7,28.7,10.3,6.9,2.3,22.2,17.8,20,17.8,13.3,,43
NYUC - New York University Medical Center,"New York, NY",9,269,266,255,260,94,114,57,45,57,45,18.7,25.9,18.7,24.7,6.8,8,287,94,4,0,57,15,2,15,9,10,269,269,114,3,0,45,15,9,23,13,9,266,48.9,26.7,17.3,4.9,0.4,28.9,13.3,6.7,17.8,31.1,,51
NYWC - Westchester Medical Center,"Valhalla, NY",9,105,87,86,75,61,51,14,40,14,40,27.3,69.9,27.3,67.8,16,15.6,109,61,3,0,14,10,3,22,8,5,105,105,51,0,0,40,4,3,11,1,10,87,29.9,24.1,29.9,11.5,4.6,20,20,12.5,27.5,20,,27
OHCC - The Cleveland Clinic Foundation,"Cleveland, OH",10,174,173,129,130,217,217,158,161,147,146,91.4,65.1,84,61.8,16.1,15.3,160,217,0,11,147,14,6,21,2,2,174,174,217,2,15,146,17,4,26,0,8,173,31.2,35.3,24.3,5.8,1.2,11.6,16.4,26.7,21.2,15.8,,159.5
OHOU - Ohio State University Medical Center,"Columbus, OH",10,69,78,62,74,134,146,92,108,92,108,76.4,154.8,79.2,154.8,16.7,14.9,48,134,0,0,92,2,0,12,4,3,69,69,146,0,0,108,9,2,4,6,8,78,15.4,42.3,29.5,9,0,12,8.3,43.5,20.4,13,,100
OHUC - University of Cincinnati Medical Center,"Cincinnati, OH",10,153,158,147,141,161,157,115,93,115,93,68.6,46.5,68.6,44.4,9.9,10.5,155,161,0,0,115,10,2,8,8,20,153,153,157,0,0,93,10,0,12,8,29,158,43.7,28.5,21.5,5.7,0,10.8,16.1,41.9,24.7,6.5,,104
OHUH - University Hospitals of Cleveland,"Cleveland, OH",10,77,80,74,75,55,51,17,20,17,20,25.1,67.5,25.1,65.4,12.7,12.8,66,55,3,0,20,3,1,9,1,7,77,77,51,1,0,17,9,2,8,2,9,80,23.8,43.8,17.5,15,0,35.3,5.9,11.8,17.6,23.5,,18.5
OKBC - Integris Baptist Medical Center,"Oklahoma City, OK",4,165,132,158,124,107,72,49,45,49,45,31,50.7,31,48.5,11.1,14.2,139,107,0,0,49,10,1,6,5,10,165,165,72,0,0,45,14,3,11,10,22,132,32.6,38.6,21.2,6.8,0,6.7,13.3,28.9,28.9,22.2,,47
OKMD - OU Medical Center,"Oklahoma City, OK",4,5,2,0,0,8,0,9,0,9,0,31,34.4,31,33.2,17.9,14.3,40,8,16,0,9,2,2,3,1,10,5,5,0,0,0,0,1,1,0,0,1,2,50,50,0,0,0,,,,,,,4.5
ORUO - Oregon Health and Science University,"Portland, OR",6,95,94,85,88,94,109,62,69,62,69,72.3,69.9,72.3,67.3,11.5,16.1,93,94,0,0,62,5,0,13,7,5,95,95,109,1,0,69,7,3,14,6,10,94,21.3,30.9,36.2,9.6,0,20.3,10.1,20.3,27.5,20.3,,65.5
ORVA - VA Portland Health Care System,"Portland, OR",6,49,60,46,52,31,44,18,20,18,20,37,47.5,37,45.7,14.9,14.6,51,31,1,0,18,0,0,13,0,1,49,49,44,0,0,20,1,0,7,0,5,60,28.3,43.3,20,6.7,0,20,15,35,20,10,,19
PAAE - Albert Einstein Medical Center,"Philadelphia, PA",2,45,46,36,35,111,110,75,67,75,67,158.3,113.8,158.3,112.2,23.4,19.1,45,111,3,0,75,4,1,15,8,5,45,45,110,2,0,67,4,0,15,16,5,46,8.7,21.7,21.7,19.6,2.2,4.5,7.5,20.9,25.4,37.3,,71
PAAG - Allegheny General Hospital,"Pittsburgh, PA",2,67,51,59,42,65,52,31,39,31,39,55,71.5,55,71.4,9.2,15,64,65,0,0,31,3,3,4,3,18,67,67,52,1,0,39,7,1,2,2,16,51,17.6,29.4,27.5,21.6,2,10.3,2.6,20.5,25.6,38.5,,35
PAGM - Geisinger Medical Center,"Danville, PA",2,23,13,23,11,27,26,18,15,18,15,54.2,61.1,54.2,59.3,24.4,12,56,27,1,0,18,4,0,4,14,19,23,23,26,0,0,15,3,1,5,7,5,13,38.5,15.4,23.1,23.1,0,0,6.7,20,40,33.3,,16.5
PAHE - Penn State Milton S Hershey Medical Center,"Hershey, PA",2,101,100,79,74,51,66,17,26,17,26,21.2,43.9,21.2,42,15.4,11.7,118,51,2,0,17,5,3,27,12,2,101,101,66,4,0,26,4,1,20,8,4,100,34,32,20,3,1,15.4,11.5,30.8,26.9,15.4,,21.5
PAHM - Hahnemann University Hospital,"Philadelphia, PA",2,41,29,37,27,56,28,12,22,12,22,42,57.8,42,55.5,22.4,14.6,51,56,5,0,22,2,1,26,5,5,41,41,28,5,0,12,1,1,14,4,3,29,37.9,31,17.2,13.8,0,41.7,25,8.3,25,0,,17
PAPT - University of Pittsburgh Medical Center,"Pittsburgh, PA",2,129,95,100,76,145,131,110,112,63,55,87.5,57.5,46.5,55.6,24.4,12.1,158,145,2,47,63,20,4,21,5,12,129,129,131,1,57,55,16,0,16,10,10,95,32.6,29.5,26.3,7.4,3.2,23.6,14.5,3.6,29.1,25.5,,111
PATJ - Thomas Jefferson University Hospital,"Philadelphia, PA",2,87,108,75,93,110,138,73,82,73,1,81.9,60.7,81.3,57.8,14.3,11,93,110,0,0,73,10,3,8,16,6,87,87,138,0,1,81,10,2,8,7,8,108,40.7,29.6,20.4,6.5,1.9,7.4,17.3,37,24.7,12.3,,77.5
PATU - Temple University Hospital,"Philadelphia, PA",2,29,26,27,17,25,30,5,8,5,8,23,77.7,23,75.6,22.5,18.2,37,25,0,0,5,4,1,16,4,3,29,29,30,1,0,8,3,1,8,8,4,26,34.6,19.2,30.8,3.8,0,37.5,12.5,0,12.5,37.5,,6.5
PAUP - Hospital of the University of Pennsylvania,"Philadelphia, PA",2,127,153,101,116,188,210,127,127,115,120,97,74.4,89.7,71.3,15.1,11.6,121,188,0,12,115,16,2,13,16,8,127,127,210,2,7,120,6,4,23,12,10,153,42.5,28.8,22.9,4.6,0,15.8,19.2,23.3,21.7,18.3,,127
PAVA - VA Pittsburgh Healthcare System,"Pittsburgh, PA",2,116,67,107,62,65,56,37,43,37,43,36.6,42.3,36.6,41.1,11.3,13,131,65,1,0,37,10,3,10,1,18,116,116,56,0,0,43,1,5,9,27,20,67,34.3,23.9,37.3,4.5,0,27.9,20.9,25.6,16.3,9.3,,40
PRSJ - Auxilio Mutuo Hospital,"Hato Rey, PR",3,15,25,12,18,55,43,43,30,43,30,229,69.2,229,64.1,33.3,12.4,14,55,0,0,43,8,1,1,1,0,15,15,43,0,0,30,2,0,0,0,1,25,16,44,28,12,0,10,20,26.7,30,0,,36.5
SCMU - Medical University of South Carolina,"Charleston, SC",11,45,51,32,37,115,108,93,81,92,1,172.8,110.5,171.8,108.7,20.8,21.6,49,115,0,1,92,11,1,5,8,1,45,45,108,0,0,81,10,2,1,5,3,51,15.7,35.3,39.2,3.9,2,7.4,25.9,24.7,24.7,11.1,,87
SDMK - Avera McKennan Hospital,"Sioux Falls, SD",7,20,32,12,19,31,33,4,11,4,11,39.6,112.6,39.6,109.4,16.8,15.5,0,31,0,0,4,2,2,2,0,1,20,20,33,0,0,11,4,2,2,1,1,32,9.4,25,12.5,6.2,0,9.1,9.1,9.1,18.2,45.5,,7.5
TNMH - Methodist University Hospital,"Memphis, TN",11,49,49,49,49,126,138,118,110,115,107,76.8,79,197.4,192.2,13.9,16.4,71,126,0,3,115,3,3,11,7,6,49,49,138,0,3,107,3,1,10,5,9,49,18.4,26.5,40.8,12.2,2,12.1,17.8,24.3,23.4,21.5,,114
TNVU - Vanderbilt University Medical Center and Nashville VA Medical Center,"Nashville, TN",11,173,159,120,120,230,181,141,128,141,128,78.9,66.6,78.9,63.9,14.1,13.8,136,230,0,0,141,12,2,23,4,11,173,173,181,0,0,128,10,3,22,7,25,159,12.6,31.4,37.1,10.7,1.3,16.4,20.3,25,25,7,,134.5
TXAS - Baylor Scott and White All Saints Medical Center-Fort Worth,"Fort Worth, TX",4,127,79,85,59,135,133,23,30,23,30,21.8,40.1,21.8,38.6,11,10.3,160,135,0,0,23,7,83,16,23,16,127,127,133,0,0,30,8,88,19,21,15,79,29.1,26.6,26.6,10.1,1.3,10,16.7,23.3,33.3,10,,26.5
"TXBC - University Hospital, University of Texas Health Science Center","San Antonio, TX",4,195,169,182,154,148,167,68,87,64,72,43.8,49.8,38.4,47.3,19.3,13.4,184,148,0,4,64,16,4,23,9,17,195,195,167,0,15,72,26,1,32,31,16,169,30.8,23.7,29,13,1.2,19.4,16.7,13.9,15.3,23.6,,77.5
"TXHH - Memorial Hermann Hospital, University of Texas at Houston","Houston, TX",4,50,37,43,33,67,51,44,36,44,36,86.8,59.3,86.8,55.5,7.2,12.7,53,67,0,0,44,3,1,5,5,12,50,50,51,0,0,36,3,1,7,10,7,37,29.7,35.1,27,2.7,0,2.8,13.9,13.9,30.6,25,,40
TXHI - CHI St. Luke's Health Baylor College of Medicine Medical Center,"Houston, TX",4,260,271,234,238,194,193,94,80,94,80,33.6,67.6,33.6,65.4,13.4,14.1,244,194,2,0,94,14,6,28,14,20,260,260,193,3,0,80,26,2,28,12,31,271,30.3,26.6,29.2,11.8,1.8,22.5,20,12.5,10,32.5,,87
TXHS - Methodist Specialty and Transplant Hospital,"San Antonio, TX",4,114,113,103,105,100,104,47,53,47,53,45.9,55.9,45.9,53.6,14.4,16.7,109,100,4,0,47,6,0,24,1,13,114,114,104,1,0,53,8,1,26,2,14,113,18.6,23.9,36.3,19.5,0,11.3,11.3,11.3,32.1,26.4,,50
TXJS - University of Texas Medical Branch at Galveston,"Galveston, TX",4,42,57,30,45,45,43,18,19,18,19,48.4,39.4,48.4,36.7,8.7,8.6,26,45,0,0,18,2,0,2,0,7,42,42,43,0,0,19,3,0,2,0,4,57,45.6,35.1,15.8,3.5,0,26.3,10.5,10.5,21.1,31.6,,18.5
TXMC - Methodist Dallas Medical Center,"Dallas, TX",4,103,98,84,73,115,101,69,62,69,62,66.7,44.7,66.7,42.8,9.8,10.5,106,115,0,0,69,11,1,4,15,18,103,103,101,0,0,62,10,0,6,8,20,98,43.9,34.7,16.3,2,1,6.5,14.5,27.4,25.8,22.6,,65.5
TXMH - Houston Methodist Hospital,"Houston, TX",4,351,353,331,315,242,259,118,137,118,137,36.4,55.7,36.4,53.7,12.7,14.3,345,242,6,0,118,21,7,45,17,22,351,351,259,9,0,137,21,6,50,13,21,353,28.9,31.4,25.8,11.6,1.7,21.2,6.6,10.2,20.4,39.4,,127.5
TXSP - UT Southwestern Medical Center/William P. Clements Jr. University Hospital,"Dallas, TX",4,95,111,92,104,82,110,58,64,58,64,61.4,48.5,61.4,46,9,10.5,97,82,1,0,58,3,0,9,5,8,95,95,110,1,0,64,10,2,6,3,8,111,27.9,33.3,27.9,9,0,17.2,7.8,21.9,25,26.6,,61
TXTX - Baylor University Medical Center,"Dallas, TX",4,144,94,99,71,183,161,125,117,113,110,43.1,88,44.7,81.1,12.6,11.3,179,183,0,12,113,7,24,25,23,14,144,144,161,0,7,110,10,27,22,26,9,94,30.9,25.5,28.7,7.4,1.1,14.5,8.2,20,33.6,21.8,,121
TXVA - Michael E. DeBakey VA Medical Center,"Houston, TX",4,62,61,58,54,49,49,14,22,14,22,28.6,83.7,28.6,81.5,18.5,19.8,55,49,1,0,14,7,2,14,0,4,62,62,49,0,0,22,9,2,10,0,7,61,37.7,24.6,29.5,8.2,0,9.1,13.6,27.3,27.3,22.7,,18
UTLD - Intermountain Medical Center,"Murray, UT",5,89,71,74,58,45,60,43,50,43,50,54,51,54,48.3,10.1,11.4,117,45,2,0,43,4,0,10,8,6,89,89,60,1,0,50,5,0,9,4,9,71,28.2,35.2,32.4,0,2.8,6,10,20,40,20,,46.5
UTMC - University of Utah Medical Center,"Salt Lake City, UT",5,69,72,60,60,48,76,40,52,39,3,63.5,51.8,56.6,49.8,10.5,12.4,82,48,0,1,39,3,2,6,2,8,69,69,76,0,9,43,3,0,8,2,8,72,31.9,30.6,27.8,8.3,0,11.6,7,23.3,20.9,34.9,,46
VAMC - Medical College of Virginia Hospitals,"Richmond, VA",11,77,79,62,68,91,107,75,71,75,71,91.4,57.6,91.4,56,19,13.5,96,91,0,0,75,10,3,4,7,11,77,77,107,0,0,71,14,0,3,14,3,79,16.5,30.4,27.8,13.9,2.5,18.3,14.1,26.8,21.1,16.9,,73
VAUV - University of Virginia Health Sciences Center,"Charlottesville, VA",11,93,123,71,103,107,156,65,89,62,83,76.3,65.8,71.9,63.1,13.7,11.5,98,107,1,3,62,8,3,10,18,7,93,93,156,2,6,83,11,5,6,7,6,123,29.3,30.9,27.6,3.3,0.8,16.9,24.1,15.7,19.3,15.7,,77
WASM - Swedish Medical Center,"Seattle, WA",6,72,69,50,32,88,80,26,41,26,41,51.3,91.5,51.3,90.1,14.6,14.7,41,88,0,0,26,4,2,13,6,6,72,72,80,1,0,41,6,7,15,3,10,69,23.2,8.7,27.5,7.2,0,39,7.3,9.8,17.1,22,,33.5
WAUW - University of Washington Medical Center,"Seattle, WA",6,154,133,93,84,111,119,83,81,82,0,51.8,57.1,51.2,54.7,13.1,14.3,195,111,1,1,82,8,2,20,18,20,154,154,119,0,1,80,15,1,18,10,15,133,19.5,36.8,29.3,11.3,2.3,12.5,10,20,28.8,25,,82
WISE - Froedtert Memorial Lutheran Hospital,"Milwaukee, WI",7,103,97,93,86,72,77,34,26,34,26,28.7,60.6,28.7,58.5,18.5,14.6,105,72,0,0,34,13,3,5,6,13,103,103,77,2,0,26,20,3,7,7,18,97,26.8,29.9,28.9,13.4,1,23.1,15.4,15.4,7.7,34.6,,30
WISL - Aurora St. Luke's Medical Center,"Milwaukee, WI",7,74,56,52,42,71,53,27,29,27,29,43.8,69.4,43.8,67,17,16.9,58,71,1,0,27,3,0,11,4,9,74,74,53,0,0,29,2,2,12,7,19,56,21.4,23.2,30.4,12.5,3.6,20.7,6.9,31,13.8,27.6,,28
WIUW - University of Wisconsin Hospital and Clinics,"Madison, WI",7,153,116,133,95,177,153,113,119,106,116,81.9,71.5,78.4,68.3,13.8,15.1,148,177,0,7,106,13,4,13,15,14,153,153,153,1,3,116,11,4,15,25,15,116,24.1,37.9,25.9,9.5,0,14.7,10.3,18.1,29.3,25.9,,116